USE QLHieuThuoc
GO


INSERT INTO tbl_THUOC (MaThuoc, TenThuoc,HamLuong,DonViTinh,SoLuong,SoDK,ThanhPhan,NgaySX,HSD,NoiSX,DonGia,DongGoi,MaNhaSX)
VALUES ('2020GE01','Acepron 325 mg','325mg',N'Gói','500','VD-20679-14','Paracetamol (acetaminophen)','20200102','20220102',N'150 đường 14 tháng 9- Phường 5- Thành phố Vĩnh Long- Vĩnh Long','555',N'Hộp20góix1.5gthuốcbột','SX001');

INSERT INTO tbl_THUOC (MaThuoc, TenThuoc,HamLuong,DonViTinh,SoLuong,SoDK,ThanhPhan,NgaySX,HSD,NoiSX,DonGia,DongGoi,MaNhaSX)
VALUES ('2020GE99','Acepron 80','80mg',N'Gói','1000','VD-22122-15','Paracetamol (acetaminophen)','20200223','20230223',N'150 đường 14 tháng 9- Phường 5- Thành phố Vĩnh Long- Vĩnh Long','356',N'Hộp20góix1.5gthuốcbột','SX001');

INSERT INTO tbl_Thuoc (MaThuoc, TenThuoc,HamLuong,DonViTinh,SoLuong,SoDK,ThanhPhan,NgaySX,HSD,NoiSX,DonGia,DongGoi,MaNhaSX)
VALUES ('2020GE03','Adrenalin','1mg',N'Ống','50','VD-27151-17','Epinephrin (adrenalin)','20200125','20220125',N'124 Trần Hưng Đạo Hà Nội','1659',N'Hộp5vỉx10ống','SX002');

INSERT INTO tbl_Thuoc
VALUES ('2020BD13','Aldactone Tab 25mg 100','25mg',N'Viên','1000','VN-16854-13','Spironolacton','20201001','20221001','Bangkrason- Bangpa-In- Ayutthaya Province 13160- Thailand','1975',N'Hộp10vỉx10viên','SX003');

INSERT INTO tbl_Thuoc
VALUES ('2020GE04','AlphaDHG','21microkatal',N'Viên','5000','VD-20546-14','Alpha chymotrypsin','20200131','20220131',N'288 Bis Nguyễn Văn Cừ- P. An Hòa- Q. Ninh Kiều- TP. Cần Thơ','845',N'Hộp2vỉx10viên','SX004');

INSERT INTO tbl_Thuoc
VALUES ('2020GE05','Ama-Power','1000mg+500mg',N'Lọ','50','VN-19857-16','Ampicilin + sulbactam','20200202','20220202',N'132 Ngọ Khánh- quận Ba Đình- Hà Nội.','62000',N'Hộp50lọ','SX005');

INSERT INTO tbl_Thuoc
VALUES ('2020GE06','Aminoplasmal Hepa 10%','10%-500ml',N'Chai','30','VN-19791-16',N'Acid amin + điện giải','20200112','20220112',N'số 86 Hoàng Ngân- quận Cầu Giấy- Hà Nội.','188685',N'Hộp10chai','SX006');

INSERT INTO tbl_Thuoc
VALUES ('2020GE07','Amoxicilin 500mg','500mg',N'Viên','5000','VD-17932-12','Amoxicilin','20200120','20220120',N'số 173 Thái Hà Đống Đa Hà Nội.','467',N'Hộp10vỉx10viên','SX007');

INSERT INTO tbl_Thuoc
VALUES ('2020DY18','Ampelop','625mg',N'Viên','1000','VD-23887-15',N'Lá chè dây','20200124','20220124',N'số 105C2 Vĩnh Hồ Đống Đa Hà Nội.','1278',N'Hộp9vỉx10viên','SX008');

INSERT INTO tbl_Thuoc
VALUES ('2020GE08','Aspirin  100','100mg',N'Viên','2500','VD-20058-13','Acetylsalicylic acid','20200216','20220216',N'số 109 Ô Chợ Dừa Đống Đa Hà Nội.','450',N'Hộp3vỉ*10viên','SX009');

INSERT INTO tbl_Thuoc
VALUES ('2020GE09','Atisalbu','2mg/5ml',N'Ống','1000','VD-25647-16','Salbutamol sulfat','20200302','20220302',N'số 48 Phan Đình Phùng Ba Đình Hà Nội.','3675',N'Hộp20góix5ml-Hộp30góix5ml','SX009');

INSERT INTO tbl_Thuoc
VALUES ('2020GE10','Atropin sulfat','0-25mg/1ml',N'Ống','140','VD-24897-16','Atropin sulfat','20200108','20240108',N'550 Trần Khát Trân Hai Bà Trưng Hà Nội.','450',N'Hộp100ống','SX011');
INSERT INTO tbl_Thuoc
VALUES ('2020GE11','Azicine','250mG','Viên','240','VD-20541-14','Azithromycin','20200106','20220106',N'17T3 Hoàng Đạo Thúy Cầu Giấy Hà Nội.','3600',N'Hộp1vỉx6viên','SX012');

INSERT INTO tbl_Thuoc
VALUES ('2020GE12','Azicine 250mg','250mg',N'Gói','150','VD-19693-13','Azithromycin','20200111','20220111',N'số 2 ngõ 84 Trần Thái Tông Dịch Vọng Hậu Cầu Giấy Hà Nội.','3500',N'Hộp6góix1-5g','SX013');

INSERT INTO tbl_Thuoc
VALUES('2020GE13','Azithromycin 100','100mg',N'gói','50','VD-27557-17','Azithromycin','20200201','20220201',N'số 10 Lý Quốc Sư Hoàn Kiếm Hà Nội.','1485',N'Hộp24gói','SX014');

INSERT INTO tbl_Thuoc
VALUES ('2020GE14','Baci-subti','10^8CFU/500mg',N'Viên','1500','QLSP-840-15','Bacillus subtilis','20200223','20220223',N'số 169 Đội Cấn Ba Đình Hà Nội.' ,'2900' ,N'Hộp6vỉx10viên','SX015');

INSERT INTO tbl_Thuoc
VALUES ('2020BD02','Betaloc Zok 25mg Tab 14','Metoprololsuccinat2',N'Viên','10000','VN-17243-13','Metoprolol','20200125','20220125',N'số 1 Hàng Điếu Hoàn Kiếm Hà Nội.','4389',N'Hộp1vỉx14viên','SX016');

INSERT INTO tbl_Thuoc
VALUES ('2020GE15','Betaserc 24mg','24mg',N'Viên','2500','VD-23379-15','Betahistin','20200110','20220110',N'số 27 Ngũ Xã Ba Đình Hà Nội.','5962',N'Hộp5vỉx10viên','SX017');

INSERT INTO tbl_Thuoc
VALUES ('2020GE16','BFS-Naloxone','0-4mg/ml-1ml',N'Ống','500','VD-21778-14','Naloxon (hydroclorid)','20200131','20240131',N'số 1 Hàng Mành Hoàn Kiếm Hà Nội.','29400', N'Hộp10ốngx1ml','SX019');

INSERT INTO tbl_Thuoc
VALUES ('2020GE17','BFS-Noradrenaline 1mg','1mg/ml-1ml',N'Ống','1000','VD-21236-14','Nor-epinephrin (Nor-adrenalin)','20200202','20240202','số 32 Cầu Gỗ Hoàn Kiếm Hà Nội.','28000','Hộp10ốngx1ml','SX020')

INSERT INTO tbl_Thuoc
VALUES ('2020GE18','Biragan 150','150mg','Viên','1000','VD-22366-15','Paracetamol (acetaminophen)','20200212','20240212',N'số 573 Đê La Thành Đống Đa Hà Nội.','1617',N'Hộp2vỉx5viên','SX021');

INSERT INTO tbl_Thuoc
VALUES ('2020GE19','Bocalex C 1000','1000mg',N'viên','1000','VD-19604-13','Vitamin C','20200120','20240120',N'số 686 Nguyễn Văn Cừ Long Biên Hà Nội.','1150',N'Tuýp10viên','SX022');

INSERT INTO tbl_Thuoc
VALUES ('2020GE20','Bodycan','300mg+3000mg',N'Viên','500','VD-19791-13','Calci carbonat+ calcigluconolactat','20200201','20240201',N'số 12 Võ Văn Dũng Đống Đa Hà Nội.','3200',N'Hộp1tuýp20viên','SX024');

INSERT INTO tbl_Thuoc
VALUES ('2020DY04','Boganic Forte','170mg+128mg+13-6mg',N'Viên','250','VD-18617-13','Actiso EP','20200223','20240223',N'số 96 Kim Ngưu Hai Bà Trưng Hà Nội.','1800',N'Hộp10vỉ*10viên','SX025');

INSERT INTO tbl_Thuoc
VALUES ('2020GE21','Bufecol 100 Susp','100mg/5ml-5ml',N'Ống','200','V762-H12-10','Ibuprofen','20200125','20240125',N'số 11 Trần Điền Thanh Xuân Hà Nội.','3999',N'Hộp20ốngx5ml','SX026');

INSERT INTO tbl_Thuoc
VALUES ('2020GE22','CALMEZIN','300mg;3mg',N'Viên','250','VD-28697-18','Paracetamol + chlorpheniramin','20200110','20250110','số 105C2 Vĩnh Hồ Đống Đa Hà Nội.','360','Kiện80Hộp10vỉx10Viên','SX008');

INSERT INTO tbl_Thuoc
VALUES ('2020DY08',N'Cảm mạo thông','	210mg-175mg-140m',N'Viên','1250','VD-27519-17','Hoắc hương- Tía tô (lá)- Bạchchỉ- Bạch linh','20200131','20250131',N'số 109 Ô Chợ Dừa Đống Đa Hà Nội.','1200',N'Hộp2vỉx12viên','SX009');

INSERT INTO tbl_Thuoc
VALUES	('2020GE23','Cammic','250mg/5ml',N'Ống','5000','VD-32562-19','Tranexamic acid','20200202','20250202',N'số 48 Phan Đình Phùng Ba Đình Hà Nội.','2205',N'Hộp10vỉx5ống','SX009');

INSERT INTO tbl_Thuoc
VALUES ('2020GE24','Captopril Stada 25mg','25m',N'Viên','5000','VN-20508-17','Captopril','20200212','20260212',N'550 Trần Khát Trân Hai Bà Trưng Hà Nội.','510',N'Hộp10vỉx10viên','SX011');

INSERT INTO tbl_Thuoc
VALUES ('2020GE25','Cavinton','5mg/ml-2ml',N'Ống','5000','VN-9211-09','Vinpocetin','20200120','20260120',N'17T3 Hoàng Đạo Thúy Cầu Giấy Hà Nội.','17409',N'Hộp10ốngx2ml','SX012');

INSERT INTO tbl_Thuoc
VALUES ('2020GE26','Cavinton','5mg',N'viên','50','VD-21657-14','Vinpocetin','20200124','20260124',N'số 2 ngõ 84 Trần Thái Tông Dịch Vọng Hậu Cầu Giấy Hà Nội.','2373',N'Hộp2vỉx25viênnén','SX013');

INSERT INTO tbl_Thuoc
VALUES ('2020GE27','Cefaclor 125mg','125mg',N'Gói','5000','VD-12507-10','Cefaclor','20200216','20205216',N'số 10 Lý Quốc Sư Hoàn Kiếm Hà Nội.','1186',N'Hộp10góix1-4g','SX014');

INSERT INTO tbl_Thuoc
VALUES ('2020GE28','Cefastad 500','500mg',N'Viên','6000','VD-31212-18','Cefalexin','20200108','20205108',N'số 169 Đội Cấn Ba Đình Hà Nội.','2100',N'Hộp10vỉx10viênnangcứng','SX015');

INSERT INTO tbl_Thuoc
VALUES ('2020GE29','Cefradin 500mg','500mg',N'Viên','300','VD-33636-19','Cefradin','20200106','20205106',N'số 1 Hàng Điếu Hoàn Kiếm Hà Nội.','3350',N'Hộp10vỉx10viên','SX016');

INSERT INTO tbl_Thuoc
VALUES ('2020GE30','Cefuroxim 500mg','500mg','Lọ','50','VD-31307-18','Cefuroxim','20200111','20250111',N'150 đường 14 tháng 9- Phường 5- Thành phố Vĩnh Long- Vĩnh Long','22000',N'Hộp10lọ','SX001');

INSERT INTO tbl_Thuoc
VALUES ('2020GE31','Ceracept 1-5g','1g+0-5g',N'Lọ','150','VN-19685-16','Amoxicilin + sulbactam','20200201','20250201',N'124 Trần Hưng Đạo Hà Nội','43500','Hộp10lọ','SX002');

INSERT INTO tbl_Thuoc
VALUES ('2020GE32','Choongwae Tobramycin sulfate injection','80mg/100ml-100ml','Chai','300','VD-26559-17','	Tobramycin','20200223','20250223',N'132 Ngọ Khánh- quận Ba Đình- Hà Nội.','65000',N'Chai nhựa polypropylen 100ml','SX005');

INSERT INTO tbl_Thuoc
VALUES ('2020GE33','Clarithromycin Stada 500mg','500mg',N'Viên','1000','VD-18004-12','Clarithromycin','20200125','20250125',N'288 Bis Nguyễn Văn Cừ- P. An Hòa- Q. Ninh Kiều- TP. Cần Thơ','5500',N'Hộp4vỉx7viên','SX004');

INSERT INTO tbl_Thuoc
VALUES ('2020GE34','Clindacine 600','600mg/4ml',N'Ống','80','VD-32848-19','Clindamycin','20200110','20220110',N'132 Ngọ Khánh- quận Ba Đình- Hà Nội.','20683',N'Hộp5vỉx10ống','SX005');

INSERT INTO tbl_Thuoc
VALUES ('2020GE35','Clorpheniramin','4mg',N'Viên','50','VD-22172-15','Chlorpheniramin (hydrogen maleat)','20200131','20220131',N'số 86 Hoàng Ngân- quận Cầu Giấy- Hà Nội.','28',N'Chai1000viên','SX006')

INSERT INTO tbl_Thuoc
VALUES ('2020GE36','Colchicin','1mg',N'Viên','500','NC56-H09-18','Colchicin','20200202','20220202',N'số 2 ngõ 84 Trần Thái Tông Dịch Vọng Hậu Cầu Giấy Hà Nội.','263',N'Hộp10vỉx10viên','SX013');

INSERT INTO tbl_Thuoc
VALUES ('2020DY06',N'Cốm trẻ việt','0-403g-0-403g-0-403g-0-201g-0-403g-0-4',N'GóI','50','VN-16722-13',N'Nhân sâm- Bạch truật- Cam thảo','20200212','20220212',N'số 10 Lý Quốc Sư Hoàn Kiếm Hà Nội.','3300',N'Hộp20góix2g','SX014');

INSERT INTO tbl_Thuoc
VALUES ('2020BD04','Cordarone','200mg',N'Viên','1000','VN-17087-13','Amiodaron (hydroclorid)','20200124','20220124',N'số 169 Đội Cấn Ba Đình Hà Nội.','6750',N'Hộp2vỉx15viên','SX015');

INSERT INTO tbl_Thuoc
VALUES ('2020BD03','Coversyl Tab 5mg 30','10mg',N'Viên','500','VD-31002-18','Perindopril','20200106','20220106',N'số 1 Hàng Điếu Hoàn Kiếm Hà Nội','5650',N'Hộp1lọ30viên','SX016');

INSERT INTO tbl_Thuoc
VALUES ('2020DY12',N'Crinaphusa - Trinh nữ','250mg',N'Viên','1000','VN-17966-14',N'Cao khô Trinh nữ hoàng cung','20200111','20220111',N'số 27 Ngũ Xã Ba Đình Hà Nội.','3400',N'Hộp3vỉx10viên','SX017');

---------------------
INSERT INTO TBL_NHANVIEN (MaNV, TenNV, DiaChiNV, SDTNV)
VALUES ('NV001',N'Dương Khánh Hưng',N'Trần Quốc Vượng- Cầu Giấy- Hà Nội','0975238336');

INSERT INTO TBL_NHANVIEN (MaNV, TenNV, DiaChiNV, SDTNV)
VALUES ('NV002',N'Lê Minh Nguyệt',N'Đống Đa- Hà Nội','0123456789');

INSERT INTO TBL_NHANVIEN (MaNV, TenNV, DiaChiNV, SDTNV)
VALUES ('NV003',N'Nguyễn Phương Thảo',N'Hai Bà Trưng -Hà Nội','0888888888');
----

INSERT INTO tbl_PhieuNhap ( soCT,MaNCC,NgayCt,HanThanhToan,Thue,ChietKhau,MaNV)
VALUES ('HDCT001','CC001','20200422','20201212','10','2','NV001');

INSERT INTO tbl_PhieuNhap
VALUES ('HDCT002','CC002','20200722','20201212','10','2','NV001');

INSERT INTO tbl_PhieuNhap
VALUES ('HDCT003','CC003','20200417','20201212','10','2','NV001');

INSERT INTO tbl_PhieuNhap
VALUES ('HDCT004','CC004','20200422','20201212','10','2','NV001');

INSERT INTO tbl_PhieuNhap
VALUES ('HDCT005','CC005','20200422','20201212','10','2','NV001');

INSERT INTO tbl_PhieuNhap
VALUES ('HDCT006','CC006','20200622','20201212','10','2','NV001');

INSERT INTO tbl_PhieuNhap
VALUES ('HDCT007','CC007','20200406','20201212','10','2','NV001');

INSERT INTO tbl_PhieuNhap
VALUES ('HDCT008','CC008','20200422','20201212','10','2','NV001');

INSERT INTO tbl_PhieuNhap
VALUES ('HDCT009','CC009','20200426','20201212','10','2','NV001');

INSERT INTO tbl_PhieuNhap
VALUES ('HDCT010','CC001','20200422','20201212','10','2','NV001');

INSERT INTO tbl_PhieuNhap
VALUES ('HDCT011','CC002','20200516','20201212','10','2','NV001');

INSERT INTO tbl_PhieuNhap
VALUES ('HDCT012','CC003','20200520','20201212','10','2','NV002');

INSERT INTO tbl_PhieuNhap
VALUES ('HDCT013','CC004','20200422','20201212','10','2','NV002');

INSERT INTO tbl_PhieuNhap
VALUES ('HDCT014','CC005','20200527','20201212','10','2','NV002');

INSERT INTO tbl_PhieuNhap
VALUES ('HDCT015','CC006','20200527','20201212','10','2','NV002');

INSERT INTO tbl_PhieuNhap
VALUES ('HDCT016','CC007','20200417','20201212','10','2','NV002');

INSERT INTO tbl_PhieuNhap
VALUES ('HDCT018','CC009','20200528','20201212','10','2','NV002');

INSERT INTO tbl_PhieuNhap
VALUES ('HDCT019','CC001','20200417','20201212','10','2','NV002');

INSERT INTO tbl_PhieuNhap
VALUES ('HDCT020','CC002','20200814','20201212','10','2','NV003');

INSERT INTO tbl_PhieuNhap
VALUES ('HDCT021','CC003','20200814','20201212','10','2','NV003');

INSERT INTO tbl_PhieuNhap
VALUES ('HDCT022','CC004','20200917','20201212','10','2','NV003');

INSERT INTO tbl_PhieuNhap
VALUES ('HDCT023','CC005','20200415','20201212','10','2','NV003');

INSERT INTO tbl_PhieuNhap
VALUES ('HDCT024','CC006','20200415','20201212','10','2','NV003');

INSERT INTO tbl_PhieuNhap
VALUES ('HDCT025','CC007','20200415','20201212','10','2','NV003');

INSERT INTO tbl_PhieuNhap
VALUES ('HDCT026','CC008','20200405','20201212','10','2','NV003');

INSERT INTO tbl_PhieuNhap
VALUES ('HDCT027','CC009','20200405','20201212','10','2','NV003');

INSERT INTO tbl_PhieuNhap
VALUES ('HDCT028','CC010','20200405','20201212','10','2','NV003');


-----------------------
INSERT INTO tbl_HDBan
VALUES ('HD0001','KH0001','20201221','20210104','10','NV001');

INSERT INTO tbl_HDBan
VALUES ('HD0002','KH0002','20201222','20210104','10','NV001');

INSERT INTO tbl_HDBan
VALUES ('HD0003','KH0003','20201222','20210104','10','NV001');

INSERT INTO tbl_HDBan
VALUES ('HD0004','KH0004','20201222','20210104','10','NV001');

INSERT INTO tbl_HDBan
VALUES ('HD0005','KH0005','20201222','20210104','10','NV001');

INSERT INTO tbl_HDBan
VALUES ('HD0006','KH0006','20201224','20210104','10','NV001');

INSERT INTO tbl_HDBan
VALUES ('HD0007','KH0007','20201224','20210104','10','NV001');

INSERT INTO tbl_HDBan
VALUES ('HD0008','KH0008','20201224','20210104','10','NV001');

INSERT INTO tbl_HDBan
VALUES ('HD0009','KH0009','20201224','20210104','10','NV001');

INSERT INTO tbl_HDBan
VALUES ('HD0010','KH0010','20201226','20210104','10','NV001');

INSERT INTO tbl_HDBan
VALUES ('HD0011','KH0011','20201226','20210104','10','NV001');

INSERT INTO tbl_HDBan
VALUES ('HD0012','KH0012','20201226','20210104','10','NV001');

INSERT INTO tbl_HDBan
VALUES ('HD0013','KH0013','20210102','20210302','10','NV002');

INSERT INTO tbl_HDBan
VALUES ('HD0014','KH0014','20210102','20210302','10','NV002');

INSERT INTO tbl_HDBan
VALUES ('HD0015','KH0015','20210102','20210302','10','NV002');

INSERT INTO tbl_HDBan
VALUES ('HD0016','KH0016','20210102','20210302','10','NV002');

INSERT INTO tbl_HDBan
VALUES ('HD0017','KH0017','20200301','20200501','10','NV002');

INSERT INTO tbl_HDBan
VALUES ('HD0018','KH0018','20200301','20200501','10','NV002');

INSERT INTO tbl_HDBan
VALUES ('HD0019','KH0019','20210401','20210601','10','NV002');

INSERT INTO tbl_HDBan
VALUES ('HD0020','KH0020','20210401','20210601','10','NV002');

INSERT INTO tbl_HDBan
VALUES ('HD0022','KH0022','20210501','20210701','10','NV003');

INSERT INTO tbl_HDBan
VALUES ('HD0023','KH0001','20210601','20210801','10','NV003');

INSERT INTO tbl_HDBan
VALUES ('HD0024','KH0002','20210801','20211001','10','NV003');

INSERT INTO tbl_HDBan
VALUES ('HD0025','KH0003','20210801','20211001','10','NV003');

INSERT INTO tbl_HDBan
VALUES ('HD0026','KH0004','20210801','20211001','10','NV003');

INSERT INTO tbl_HDBan
VALUES ('HD0027','KH0003','20210801','20211001','10','NV003');

INSERT INTO tbl_HDBan
VALUES ('HD0028','KH0003','20210801','20211001','10','NV003');

INSERT INTO tbl_HDBan
VALUES ('HD0029','KH0003','20210801','20211001','10','NV003');




SELECT * FROM tbl_HDBan



